state,Pollster,Obama,McCain,middate
AL,SurveyUSA-2,36,61,10/27/08
AL,Capital Survey-2,34,54,10/15/08
AL,SurveyUSA-2,35,62,10/8/08
AL,Capital Survey-2,35,55,10/6/08
AL,Rasmussen-1,39,60,9/22/08
AL,SurveyUSA-2,34,64,9/16/08
AL,ARG-4,36,58,9/14/08
AL,U. of South Alabama-8,25,52,9/11/08
AL,Capital Survey-7,35,55,9/6/08
AL,Capital Survey-7,34,47,8/1/08
AL,Rasmussen-1,37,55,7/31/08
AL,Rasmussen-1,36,51,6/26/08
AL,Capital Survey-2,36,49,6/25/08
AL,Capital Survey-5,33,57,5/31/08
AL,Rasmussen-1,32,60,5/27/08
AL,SurveyUSA-3,34,57,5/17/08
AL,Capital Survey-9,36,55,4/20/08
AL,SurveyUSA-3,32,64,4/12/08
AL,Rasmussen-1,37,55,4/2/08
AL,U. of South Alabama-4,30,57,3/25/08
AL,SurveyUSA-3,35,62,3/15/08
AL,SurveyUSA-3,40,54,2/27/08
AL,SurveyUSA-2,29,63,1/16/08
AL,Election 2004-1,37,63,1/1/08
AK,Research 2000-3,39,58,10/29/08
AK,Rasmussen-1,41,57,10/28/08
AK,Ivan Moore Research-3,42,53,10/18/08
AK,Research 2000-3,38,57,10/15/08
AK,Rasmussen-1,40,55,10/6/08
AK,Ivan Moore Research-4,38,55,10/4/08
AK,Fairleigh Dickinson U.-5,37,55,9/19/08
AK,Research 2000-3,38,55,9/16/08
AK,ARG-3,39,55,9/10/08
AK,Rasmussen-1,33,64,9/9/08
AK,Ivan Moore Research-4,35,54,8/31/08
AK,Rasmussen-1,39,44,7/30/08
AK,Rasmussen-1,40,45,7/17/08
AK,Research 2000-3,41,51,7/15/08
AK,Rasmussen-1,41,45,6/16/08
AK,Rasmussen-1,41,50,5/14/08
AK,Research 2000-3,42,49,5/13/08
AK,Rasmussen-1,43,48,4/7/08
AK,SurveyUSA-3,43,48,2/27/08
AK,Election 2004-1,35,62,1/1/08
AZ,ARG-3,46,50,10/29/08
AZ,Research 2000-3,47,48,10/29/08
AZ,Mason-Dixon-2,44,48,10/27/08
AZ,Rasmussen-1,46,51,10/26/08
AZ,Opinion Research-6,46,53,10/25/08
AZ,Arizona State U.-4,44,46,10/24/08
AZ,Northern Arizona U.-10,41,49,10/22/08
AZ,Zimmerman-4,42,44,10/17/08
AZ,Rasmussen-1,38,59,9/29/08
AZ,Arizona State U.-4,38,45,9/26/08
AZ,ARG-4,39,56,9/12/08
AZ,Arizona State U.-3,30,40,8/15/08
AZ,Mason-Dixon-3,41,47,8/14/08
AZ,Rasmussen-1,36,52,7/30/08
AZ,Rasmussen-1,40,49,6/25/08
AZ,Arizona State U.-2,28,38,6/20/08
AZ,Rocky Mtn Poll-9,39,50,5/16/08
AZ,Arizona State U.-4,38,47,4/25/08
AZ,Rasmussen-1,37,57,4/15/08
AZ,Northern Arizona U.-10,33,55,4/3/08
AZ,SurveyUSA-3,39,51,2/27/08
AZ,Arizona State U.-4,38,49,2/22/08
AZ,Election 2004-1,45,55,1/1/08
AR,ARG-4,44,51,10/29/08
AR,Rasmussen-1,44,54,10/27/08
AR,Research 2000-2,41,52,10/21/08
AR,U. of Arkansas-21,36,51,10/11/08
AR,Rasmussen-1,42,51,9/22/08
AR,ARG-3,41,53,9/21/08
AR,Rasmussen-1,37,47,7/14/08
AR,Rasmussen-1,41,45,6/16/08
AR,Rasmussen-1,39,48,6/12/08
AR,Rasmussen-1,33,57,5/12/08
AR,Rasmussen-1,30,59,3/18/08
AR,Opinion Res.-6,27,43,3/8/08
AR,SurveyUSA-3,33,53,2/27/08
AR,Election 2004-1,45,54,1/1/08
CA,SurveyUSA-3,60,36,10/30/08
CA,Rasmussen-1,61,34,10/25/08
CA,Field Poll-11,55,33,10/23/08
CA,SurveyUSA-2,59,35,10/15/08
CA,Public Policy Inst. of Calif.-8,56,33,10/15/08
CA,Rasmussen-1,56,40,10/9/08
CA,SurveyUSA-2,55,39,10/4/08
CA,SurveyUSA-2,53,43,9/23/08
CA,Rasmussen-1,56,39,9/22/08
CA,ARG-3,53,39,9/19/08
CA,Public Policy Inst. of Calif.-8,50,40,9/12/08
CA,Field Poll-10,52,36,9/9/08
CA,Rasmussen-1,51,37,8/20/08
CA,Pub. Policy Inst. of Calif.-8,48,39,8/15/08
CA,Rasmussen-1,50,38,7/24/08
CA,Pub. Policy Inst. of Calif.-15,50,35,7/15/08
CA,Field Poll-7,54,30,7/11/08
CA,Rasmussen-1,58,30,6/23/08
CA,SurveyUSA-3,53,41,6/18/08
CA,Field Poll-12,52,35,5/21/08
CA,LA Times-2,47,40,5/20/08
CA,Rasmussen-1,52,38,5/20/08
CA,SurveyUSA-3,49,41,5/17/08
CA,Rasmussen-1,50,43,4/16/08
CA,SurveyUSA-3,50,43,4/12/08
CA,SurveyUSA-3,54,40,3/15/08
CA,Public Policy Inst. of Calif.-8,49,40,3/14/08
CA,Rasmussen-1,53,38,3/12/08
CA,SurveyUSA-3,51,40,2/27/08
CA,SurveyUSA-3,61,34,2/16/08
CA,Election 2004-1,55,44,1/1/08
CO,ARG-3,52,45,10/29/08
CO,Mason-Dixon-2,49,44,10/28/08
CO,Marist Coll.-2,51,45,10/27/08
CO,Rasmussen-1,50,46,10/26/08
CO,Insider Advantage-1,53,45,10/26/08
CO,Opinion Research-6,53,45,10/25/08
CO,Financial Dynamics-5,48,44,10/25/08
CO,GfK Roper-5,50,41,10/24/08
CO,Public Opinion Strat.-3,52,40,10/22/08
CO,Insider Advantage-1,51,46,10/20/08
CO,Rasmussen-1,51,46,10/19/08
CO,Rasmussen-1,52,45,10/16/08
CO,Opinion Research-4,51,47,10/12/08
CO,Suffolk U.-4,47,43,10/11/08
CO,Quinnipiac U.-5,52,43,10/10/08
CO,Insider Advantage-1,51,45,10/6/08
CO,Rasmussen-1,51,45,10/5/08
CO,Mason-Dixon-3,44,44,9/30/08
CO,Rasmussen-1,49,48,9/28/08
CO,ARG-3,45,48,9/24/08
CO,Insider Advantage-1,50,41,9/23/08
CO,Rasmussen-1,50,47,9/23/08
CO,Opinion Research-3,51,47,9/22/08
CO,Ciruli Assoc.-5,44,43,9/21/08
CO,Quinnipiac U.-8,49,45,9/17/08
CO,Insider Advantage-1,51,41,9/17/08
CO,Rasmussen-1,46,48,9/14/08
CO,Financial Dynamics-5,45,44,9/13/08
CO,ARG-4,44,46,9/11/08
CO,Insider Advantage-2,49,46,9/9/08
CO,Rasmussen-1,49,46,9/7/08
CO,Opinion Research-3,46,47,8/25/08
CO,Suffolk U.-4,44,39,8/22/08
CO,Quinnipiac U.-7,46,47,8/18/08
CO,Mason-Dixon-3,46,43,8/14/08
CO,Rasmussen-1,45,47,8/13/08
CO,Rocky Mtn Poll-3,41,44,8/12/08
CO,Rasmussen-1,49,42,7/21/08
CO,Quinnipiac U.-9,44,46,7/18/08
CO,Quinnipiac U.-8,49,44,6/20/08
CO,Rasmussen-1,43,41,6/17/08
CO,Rasmussen-1,48,42,5/19/08
CO,Rasmussen-1,46,43,4/16/08
CO,Rasmussen-1,46,46,3/17/08
CO,SurveyUSA-3,50,41,2/27/08
CO,Election 2004-1,47,52,1/1/08
CT,U. of Connecticut-5,56,31,10/20/08
CT,Rasmussen-1,56,39,10/14/08
CT,SurveyUSA-2,54,38,9/24/08
CT,Pulsar Research-5,49,35,9/21/08
CT,ARG-3,54,39,9/18/08
CT,Rasmussen-1,53,41,9/16/08
CT,Rasmussen-1,51,36,7/31/08
CT,Research 2000-3,57,35,7/1/08
CT,Rasmussen-1,52,35,6/30/08
CT,Quinnipiac U.-4,56,35,6/27/08
CT,Rasmussen-1,47,44,5/29/08
CT,Quinnipiac U.-6,52,35,3/21/08
CT,Rasmussen-1,50,38,3/11/08
CT,SurveyUSA-3,55,34,2/27/08
CT,Election 2004-1,54,44,1/1/08
DC,ARG-3,82,13,9/12/08
DC,Election 2004-1,90,9,1/1/08
DE,SurveyUSA-2,63,33,10/27/08
DE,Rasmussen-1,56,41,10/10/08
DE,West Chester U.-3,56,38,10/7/08
DE,SurveyUSA-2,57,37,9/22/08
DE,Fairleigh Dickinson U.-5,56,36,9/19/08
DE,ARG-3,51,40,9/14/08
DE,Rasmussen-1,55,43,9/13/08
DE,SurveyUSA-3,50,41,2/27/08
DE,Election 2004-1,53,46,1/1/08
FL,Zogby-4,48,46,10/31/08
FL,ARG-3,50,46,10/30/08
FL,Mason-Dixon-2,47,45,10/29/08
FL,Datamar-2,47,47,10/29/08
FL,Rasmussen-1,51,47,10/26/08
FL,LA Times-3,50,43,10/26/08
FL,Datamar-2,49,44,10/25/08
FL,Opinion Research-6,51,47,10/25/08
FL,Financial Dynamics-5,45,44,10/25/08
FL,Zogby-4,47,47,10/24/08
FL,Suffolk U.-4,49,44,10/24/08
FL,GfK Roper-5,45,43,10/24/08
FL,Quinnipiac U.-5,47,45,10/24/08
FL,Insider Advantage-1,48,47,10/22/08
FL,Polling Company-3,49,42,10/21/08
FL,Mason-Dixon-2,45,46,10/20/08
FL,Rasmussen-1,48,49,10/19/08
FL,Quinnipiac U.-6,49,44,10/18/08
FL,SurveyUSA-2,47,49,10/16/08
FL,Research 2000-3,49,45,10/14/08
FL,Insider Advantage-1,48,44,10/13/08
FL,Datamar-2,47,42,10/12/08
FL,Opinion Research-4,51,46,10/12/08
FL,Rasmussen-1,51,46,10/12/08
FL,Rasmussen-1,50,47,10/8/08
FL,Research 2000-3,49,44,10/7/08
FL,Rasmussen-1,52,45,10/5/08
FL,Mason-Dixon-3,48,46,10/5/08
FL,Insider Advantage-1,49,46,9/30/08
FL,Opinion Research-3,51,47,9/29/08
FL,Suffolk U.-4,46,42,9/28/08
FL,Rasmussen-1,47,47,9/28/08
FL,Quinnipiac U.-3,51,43,9/28/08
FL,SurveyUSA-2,47,48,9/27/08
FL,Rasmussen-1,47,48,9/24/08
FL,ARG-3,47,46,9/24/08
FL,Rasmussen-1,46,51,9/21/08
FL,Mason-Dixon-3,47,45,9/17/08
FL,SurveyUSA-2,45,51,9/16/08
FL,Research 2000-4,45,46,9/16/08
FL,Schroth/Polling Co.-4,45,47,9/15/08
FL,ARG-4,46,46,9/15/08
FL,Opinion Research-3,48,48,9/15/08
FL,Rasmussen-1,44,49,9/14/08
FL,Financial Dynamics-5,44,44,9/13/08
FL,Research 2000-7,45,46,9/12/08
FL,Insider Advantage-2,42,50,9/9/08
FL,Rasmussen-1,48,48,9/7/08
FL,Quinnipiac U.-5,43,50,9/7/08
FL,Mason-Dixon-2,45,44,8/25/08
FL,Quinnipiac U.-8,43,47,8/20/08
FL,ARG-3,46,47,8/19/08
FL,Rasmussen-1,43,46,8/18/08
FL,Insider Advantage-1,44,48,8/11/08
FL,SurveyUSA-3,44,50,8/2/08
FL,Quinnipiac U.-7,46,44,7/26/08
FL,Rasmussen-1,46,45,7/22/08
FL,ARG-3,45,47,7/20/08
FL,Rasmussen-1,41,48,6/26/08
FL,Rasmussen-1,39,47,6/18/08
FL,ARG-5,49,44,6/15/08
FL,Quinnipiac U.-8,47,43,6/12/08
FL,Rasmussen-1,40,50,5/19/08
FL,Quinnipiac U.-8,41,45,5/16/08
FL,Quinnipiac U.-7,43,44,4/26/08
FL,Rasmussen-1,38,53,4/10/08
FL,Quinnipiac U.-8,37,46,3/27/08
FL,Rasmussen-1,43,47,3/12/08
FL,SurveyUSA-3,45,47,2/27/08
FL,Rasmussen-1,37,53,2/16/08
FL,Election 2004-1,47,52,1/1/08
GA,Rasmussen-1,47,52,10/30/08
GA,Research 2000-3,44,47,10/29/08
GA,Insider Advantage-1,47,48,10/27/08
GA,Opinion Research-6,47,52,10/25/08
GA,Insider Advantage-1,48,47,10/23/08
GA,Mason-Dixon-2,43,49,10/22/08
GA,Rasmussen-1,46,51,10/22/08
GA,Research 2000-2,43,49,10/14/08
GA,Opinion Research-4,45,53,10/12/08
GA,SurveyUSA-2,43,51,10/11/08
GA,Insider Advantage-1,46,49,10/9/08
GA,Rasmussen-1,45,54,10/7/08
GA,Insider Advantage-1,44,50,9/30/08
GA,Research 2000-3,43,50,9/30/08
GA,SurveyUSA-2,44,52,9/28/08
GA,ARG-4,39,57,9/19/08
GA,Insider Advantage-1,43,51,9/17/08
GA,Rasmussen-1,43,54,9/16/08
GA,SurveyUSA-3,41,57,9/15/08
GA,Insider Advantage-1,38,56,9/10/08
GA,Rasmussen-1,43,50,8/14/08
GA,Rasmussen-1,39,48,7/17/08
GA,Insider Advantage-1,44,46,7/2/08
GA,Rasmussen-1,43,53,6/26/08
GA,Insider Advantage-1,43,44,6/18/08
GA,Rasmussen-1,41,51,6/4/08
GA,Rasmussen-1,39,53,5/6/08
GA,Rasmussen-1,40,53,3/20/08
GA,SurveyUSA-3,41,54,2/27/08
GA,Election 2004-1,41,58,1/1/08
HI,Rasmussen-1,68,27,9/20/08
HI,ARG-6,63,32,9/9/08
HI,SurveyUSA-3,61,31,2/27/08
HI,Election 2004-1,54,45,1/1/08
ID,Research 2000-2,33,62,9/16/08
ID,Rasmussen-1,29,68,9/9/08
ID,ARG-3,25,68,9/9/08
ID,Greg Smith-5,29,52,8/20/08
ID,Research 2000-3,37,53,7/29/08
ID,SurveyUSA-3,39,52,2/27/08
ID,Election 2004-1,30,69,1/1/08
IL,Rasmussen-1,60,38,11/1/08
IL,Research 2000-4,59,35,10/21/08
IL,U. of Wisconsin-4,61,32,10/20/08
IL,Market Shares-3,56,32,10/17/08
IL,Rasmussen-1,56,39,10/13/08
IL,Rasmussen-1,56,40,9/17/08
IL,Research 2000-4,56,36,9/16/08
IL,U. of Wisconsin-4,53,37,9/15/08
IL,ARG-4,51,45,9/14/08
IL,Rasmussen-1,53,38,8/12/08
IL,Rasmussen-1,50,37,7/8/08
IL,SurveyUSA-3,60,31,2/27/08
IL,Election 2004-1,55,45,1/1/08
IN,Zogby-4,44,49,10/31/08
IN,ARG-4,48,48,10/29/08
IN,Rasmussen-2,46,49,10/28/08
IN,SurveyUSA-4,47,47,10/28/08
IN,Selzer-3,46,45,10/27/08
IN,Zogby-4,44,50,10/24/08
IN,Research 2000-3,48,47,10/24/08
IN,Howey-Gauge-2,45,47,10/23/08
IN,SurveyUSA-2,49,45,10/21/08
IN,U. of Wisconsin-4,51,41,10/20/08
IN,Rasmussen-1,43,50,10/7/08
IN,Opinion Research-4,46,51,10/4/08
IN,Research 2000-5,46,46,10/1/08
IN,Research 2000-3,45,46,9/29/08
IN,SurveyUSA-2,45,48,9/28/08
IN,Rasmussen-2,47,49,9/17/08
IN,ARG-4,44,47,9/16/08
IN,U. of Wisconsin-4,43,47,9/15/08
IN,Opinion Research-3,45,51,9/15/08
IN,Selzer-3,47,44,9/15/08
IN,Howey-Gauge-2,43,45,8/29/08
IN,Rasmussen-3,42,46,8/20/08
IN,SurveyUSA-3,44,50,8/17/08
IN,SurveyUSA-3,48,47,6/22/08
IN,Ind. Legis. Insight-6,38,47,5/29/08
IN,Research 2000-4,43,51,4/22/08
IN,Selzer-4,49,41,4/21/08
IN,IPFW U.-3,44,51,4/15/08
IN,SurveyUSA-3,41,50,2/27/08
IN,SurveyUSA-2,40,50,2/3/08
IN,Election 2004-1,39,60,1/1/08
IA,Selzer-4,54,37,10/29/08
IA,SurveyUSA-2,55,40,10/28/08
IA,Research 2000-3,53,39,10/28/08
IA,Marist Coll.-2,52,42,10/23/08
IA,Rasmussen-1,52,44,10/23/08
IA,Mason-Dixon-2,51,40,10/22/08
IA,U. of Wisconsin-4,52,39,10/20/08
IA,Research 2000-4,54,39,10/20/08
IA,SurveyUSA-2,54,41,10/8/08
IA,Research 2000-2,55,39,9/29/08
IA,Rasmussen-1,51,43,9/25/08
IA,Marist Coll.-4,51,41,9/19/08
IA,ARG-4,51,44,9/18/08
IA,SurveyUSA-2,54,43,9/17/08
IA,Research 2000-3,53,39,9/16/08
IA,U. of Wisconsin-4,45,45,9/15/08
IA,Selzer-3,52,40,9/9/08
IA,Opinion Research-3,55,40,9/1/08
IA,U. of Iowa-10,50,43,8/8/08
IA,Rasmussen-1,46,41,8/7/08
IA,Rasmussen-1,51,41,7/10/08
IA,SurveyUSA-4,49,45,6/14/08
IA,Rasmussen-1,45,38,6/10/08
IA,SurveyUSA-2,47,38,5/21/08
IA,Rasmussen-1,44,42,5/13/08
IA,Research 2000-3,49,41,4/22/08
IA,SurveyUSA-3,49,42,4/12/08
IA,Rasmussen-1,46,42,3/31/08
IA,SurveyUSA-3,50,44,3/15/08
IA,SurveyUSA-3,50,41,2/27/08
IA,Rasmussen-1,44,41,2/18/08
IA,SurveyUSA-3,51,41,2/16/08
IA,Election 2004-1,49,50,1/1/08
KS,SurveyUSA-2,37,58,10/27/08
KS,SurveyUSA-2,41,53,10/21/08
KS,Rasmussen-1,41,54,10/13/08
KS,SurveyUSA-2,41,53,9/21/08
KS,Rasmussen-1,38,58,9/18/08
KS,ARG-4,31,63,9/8/08
KS,SurveyUSA-3,35,58,8/19/08
KS,Rasmussen-1,37,52,8/11/08
KS,Rasmussen-1,32,52,7/14/08
KS,Rasmussen-1,37,47,6/11/08
KS,Research 2000-3,40,51,6/3/08
KS,SurveyUSA-3,39,49,5/17/08
KS,Rasmussen-1,34,55,5/13/08
KS,SurveyUSA-3,37,54,4/12/08
KS,SurveyUSA-3,39,51,3/15/08
KS,SurveyUSA-3,41,50,2/27/08
KS,SurveyUSA-3,44,50,2/16/08
KS,Election 2004-1,37,62,1/1/08
KY,SurveyUSA-4,40,56,10/30/08
KY,Rasmussen-1,43,55,10/29/08
KY,Research 2000-3,39,56,10/28/08
KY,Mason-Dixon-3,42,51,10/28/08
KY,Rasmussen-1,44,52,10/21/08
KY,Research 2000-3,39,55,10/20/08
KY,SurveyUSA-3,41,54,10/19/08
KY,Research 2000-3,39,53,10/15/08
KY,Rasmussen-1,42,52,9/30/08
KY,Mason-Dixon-4,41,53,9/23/08
KY,SurveyUSA-2,38,57,9/21/08
KY,Research 2000-3,37,55,9/16/08
KY,ARG-5,37,57,9/10/08
KY,SurveyUSA-3,37,55,8/10/08
KY,Rasmussen-1,39,49,7/29/08
KY,Research 2000-3,35,56,7/29/08
KY,Rasmussen-10,39,49,7/24/08
KY,Rasmussen-1,35,51,6/25/08
KY,SurveyUSA-4,41,53,6/14/08
KY,SurveyUSA-3,32,56,5/17/08
KY,Research 2000-3,33,58,5/8/08
KY,SurveyUSA-3,29,63,4/12/08
KY,SurveyUSA-3,28,64,3/15/08
KY,SurveyUSA-3,33,54,2/27/08
KY,SurveyUSA-2,32,61,2/3/08
KY,Election 2004-1,40,60,1/1/08
LA,Loyola U.-3,40,43,10/25/08
LA,Southeastern La. U.-4,38,51,10/21/08
LA,Rasmussen-1,41,57,10/21/08
LA,Rasmussen-1,40,55,9/25/08
LA,ARG-4,43,50,9/10/08
LA,Rasmussen-1,38,55,8/17/08
LA,Rasmussen-1,37,56,7/9/08
LA,Opinion Res.-3,36,52,6/27/08
LA,Rasmussen-1,41,50,5/28/08
LA,Rasmussen-1,41,52,4/9/08
LA,Opinion Res.-15,35,51,4/2/08
LA,SurveyUSA-3,39,54,2/27/08
LA,Election 2004-1,42,57,1/1/08
ME,Rasmussen-1,56,43,11/1/08
ME,SurveyUSA-2,54,39,10/19/08
ME,Critical Insights-4,56,35,10/17/08
ME,Research 2000-2,53,38,10/14/08
ME,Pan Atlantic SMS-4,51,39,10/14/08
ME,Rasmussen-1,51,46,10/2/08
ME,SurveyUSA-2,49,44,9/22/08
ME,Rasmussen-1,50,46,9/17/08
ME,ARG-3,51,41,9/9/08
ME,Research 2000-3,52,38,9/9/08
ME,Rasmussen-1,49,36,8/12/08
ME,Rasmussen-1,46,36,7/17/08
ME,Rasmussen-1,55,33,6/16/08
ME,Pan Atlantic SMS-9,37,26,6/14/08
ME,Critical Insights-27,51,31,6/14/08
ME,Rasmussen-1,51,38,5/14/08
ME,Rasmussen-1,49,39,4/1/08
ME,SurveyUSA-3,53,39,2/27/08
ME,Election 2004-1,53,45,1/1/08
MD,Rasmussen-1,60,37,9/20/08
MD,ARG-3,54,39,9/18/08
MD,Gonzales Research-8,52,38,9/1/08
MD,Rasmussen-1,53,41,8/18/08
MD,SurveyUSA-3,53,40,2/27/08
MD,Gonzales Res.-8,51,37,2/26/08
MD,Election 2004-1,56,43,1/1/08
MA,SurveyUSA-2,56,39,10/27/08
MA,Suffolk U.-3,53,34,10/21/08
MA,SurveyUSA-2,59,35,10/13/08
MA,Rasmussen-1,62,34,10/13/08
MA,Rasmussen-1,58,38,9/23/08
MA,SurveyUSA-2,55,39,9/22/08
MA,ARG-3,55,39,9/21/08
MA,Rasmussen-1,51,36,8/5/08
MA,Suffolk U.-4,47,38,8/1/08
MA,Rasmussen-1,53,33,6/30/08
MA,SurveyUSA-3,53,40,6/26/08
MA,Suffolk U.-3,53,30,6/9/08
MA,Rasmussen-1,51,38,5/29/08
MA,SurveyUSA-3,46,41,5/17/08
MA,Rasmussen-1,51,39,4/23/08
MA,SurveyUSA-3,48,46,4/12/08
MA,Rasmussen-1,49,42,3/18/08
MA,SurveyUSA-3,47,47,3/15/08
MA,SurveyUSA-3,49,42,2/27/08
MA,SurveyUSA-3,48,46,2/16/08
MA,Election 2004-1,62,37,1/1/08
MI,Selzer-4,53,37,10/29/08
MI,Rasmussen-1,53,43,10/28/08
MI,EPIC-MRA-3,50,38,10/27/08
MI,EPIC-MRA-4,51,37,10/20/08
MI,U. of Wisconsin-4,58,36,10/20/08
MI,Quinnipiac U.-5,54,38,10/10/08
MI,Rasmussen-1,56,40,10/8/08
MI,Selzer-3,51,38,9/23/08
MI,Opinion Research-3,51,46,9/22/08
MI,Rasmussen-1,51,44,9/21/08
MI,EPIC-MRA-3,48,38,9/21/08
MI,Mason-Dixon-6,46,46,9/20/08
MI,Financial Dynamics-5,47,39,9/20/08
MI,ARG-4,48,46,9/17/08
MI,Quinnipiac U.-8,48,44,9/17/08
MI,Marketing Resource Grp.-5,43,46,9/17/08
MI,Marist Coll.-2,52,43,9/16/08
MI,EPIC-MRA-4,43,42,9/15/08
MI,U. of Wisconsin-4,48,44,9/15/08
MI,Rasmussen-1,51,46,9/10/08
MI,Insider Advantage-2,44,45,9/9/08
MI,Opinion Research-3,49,45,9/8/08
MI,EPIC-MRA-4,43,41,8/19/08
MI,Selzer-4,46,39,8/18/08
MI,Rasmussen-1,47,40,8/7/08
MI,Quinnipiac U.-9,46,42,7/18/08
MI,EPIC-MRA-4,43,41,7/14/08
MI,Rasmussen-1,50,42,7/10/08
MI,Quinnipiac U.-8,48,42,6/20/08
MI,Rasmussen-1,45,42,6/9/08
MI,SurveyUSA-2,37,41,5/27/08
MI,EPIC-MRA-4,40,44,5/20/08
MI,Rasmussen-1,44,45,5/8/08
MI,Rasmussen-1,44,45,5/7/08
MI,EPIC-MRA-6,43,41,4/5/08
MI,Rasmussen-1,42,43,3/25/08
MI,Rasmussen-1,41,44,3/10/08
MI,SurveyUSA-3,46,45,2/27/08
MI,Election 2004-1,51,48,1/1/08
MN,SurveyUSA-3,49,46,10/31/08
MN,Princeton Survey-3,53,42,10/30/08
MN,Rasmussen-1,55,43,10/28/08
MN,Research 2000-3,53,38,10/28/08
MN,Mason-Dixon-2,48,40,10/27/08
MN,U. of Minnesota-5,56,37,10/26/08
MN,Rasmussen-1,56,41,10/22/08
MN,U. of Wisconsin-4,57,38,10/20/08
MN,Financial Dynamics-5,50,40,10/18/08
MN,St. Cloud State U.-9,42,37,10/18/08
MN,SurveyUSA-3,50,44,10/17/08
MN,Princeton Survey-2,52,41,10/16/08
MN,Star Tribune-2,52,41,10/16/08
MN,Research 2000-2,52,39,10/15/08
MN,Quinnipiac U.-5,51,40,10/10/08
MN,Rasmussen-1,52,45,10/7/08
MN,SurveyUSA-2,49,47,10/6/08
MN,ARG-4,47,46,10/5/08
MN,U. of Minnesota-3,54,40,10/4/08
MN,Princeton Survey-3,55,37,10/1/08
MN,SurveyUSA-2,46,47,9/30/08
MN,Opinion Research-3,54,43,9/29/08
MN,ARG-3,48,47,9/19/08
MN,Rasmussen-1,52,44,9/18/08
MN,Quinnipiac U.-8,47,45,9/17/08
MN,U. of Wisconsin-4,47,45,9/15/08
MN,Princeton Survey-3,45,45,9/11/08
MN,SurveyUSA-2,49,47,9/10/08
MN,Opinion Research-3,53,41,9/1/08
MN,SurveyUSA-2,47,45,8/13/08
MN,Rasmussen-1,46,42,8/13/08
MN,U. of Minnesota-11,48,38,8/12/08
MN,Rasmussen-1,49,37,7/22/08
MN,Quinnipiac U.-9,46,44,7/18/08
MN,Rasmussen-1,52,34,7/10/08
MN,Quinnipiac U.-8,54,37,6/20/08
MN,SurveyUSA-4,47,46,6/14/08
MN,Rasmussen-1,52,39,6/11/08
MN,Rasmussen-1,53,38,5/22/08
MN,SurveyUSA-3,47,42,5/17/08
MN,Star Tribune-4,51,38,5/13/08
MN,Rasmussen-1,52,38,4/22/08
MN,SurveyUSA-3,49,43,4/12/08
MN,Rasmussen-1,47,43,3/19/08
MN,SurveyUSA-3,46,47,3/15/08
MN,SurveyUSA-3,49,42,2/27/08
MN,Rasmussen-1,53,38,2/16/08
MN,SurveyUSA-3,55,40,2/16/08
MN,Election 2004-1,51,48,1/1/08
MS,Research 2000-3,40,53,10/28/08
MS,Rasmussen-1,45,53,10/27/08
MS,U. of South Alabama-11,33,46,10/18/08
MS,USA Polling Group-11,33,46,10/18/08
MS,Research 2000-2,40,50,10/14/08
MS,Rasmussen-1,44,52,9/30/08
MS,ARG-4,39,55,9/14/08
MS,Research 2000-3,39,52,9/9/08
MS,Rasmussen-1,41,54,8/21/08
MS,Rasmussen-1,41,52,7/28/08
MS,Research 2000-3,42,51,7/22/08
MS,Rasmussen-1,44,50,6/24/08
MS,Rasmussen-1,44,50,5/27/08
MS,Research 2000-3,39,54,5/20/08
MS,SurveyUSA-3,41,54,2/27/08
MS,Election 2004-1,40,60,1/1/08
MO,Zogby-4,47,46,10/31/08
MO,Mason-Dixon-2,46,47,10/29/08
MO,Insider Advantage-1,47,50,10/29/08
MO,ARG-3,48,48,10/29/08
MO,Rasmussen-1,48,47,10/26/08
MO,SurveyUSA-2,48,48,10/25/08
MO,Opinion Research-6,48,50,10/25/08
MO,Zogby-4,48,46,10/24/08
MO,Mason-Dixon-2,45,46,10/22/08
MO,Research 2000-4,48,47,10/21/08
MO,Rasmussen-1,49,44,10/19/08
MO,Suffolk U.-3,44,45,10/18/08
MO,Rasmussen-1,52,46,10/15/08
MO,Opinion Research-4,48,49,10/12/08
MO,Rasmussen-1,50,47,10/12/08
MO,SurveyUSA-2,51,43,10/11/08
MO,Rasmussen-1,50,47,10/5/08
MO,ARG-3,46,49,10/5/08
MO,Opinion Research-3,49,48,9/29/08
MO,SurveyUSA-2,46,48,9/23/08
MO,Research 2000-3,46,47,9/23/08
MO,Research 2000-4,45,49,9/16/08
MO,ARG-5,45,50,9/13/08
MO,Rasmussen-1,46,51,9/11/08
MO,Opinion Research-3,45,50,9/8/08
MO,Rasmussen-1,41,48,8/7/08
MO,SurveyUSA-3,44,49,7/30/08
MO,Research 2000-4,48,43,7/8/08
MO,Rasmussen-1,42,47,7/7/08
MO,SurveyUSA-3,43,50,6/21/08
MO,Rasmussen-1,43,42,6/3/08
MO,SurveyUSA-3,45,43,5/17/08
MO,Rasmussen-1,41,47,5/6/08
MO,SurveyUSA-3,42,50,4/12/08
MO,Rasmussen-1,38,53,3/24/08
MO,SurveyUSA-3,39,53,3/15/08
MO,SurveyUSA-3,42,48,2/27/08
MO,SurveyUSA-3,49,43,2/16/08
MO,Rasmussen-1,40,42,2/12/08
MO,Election 2004-1,46,53,1/1/08
MT,Rasmussen-1,46,50,10/29/08
MT,Research 2000-3,44,48,10/29/08
MT,ARG-3,46,49,10/29/08
MT,Mason-Dixon-3,44,48,10/24/08
MT,Montana State U.-5,44,40,10/18/08
MT,Research 2000-2,45,49,10/15/08
MT,ARG-3,45,50,10/7/08
MT,Rasmussen-1,44,52,10/1/08
MT,Research 2000-3,39,52,9/23/08
MT,Opinion Research-3,43,54,9/22/08
MT,Rasmussen-1,42,53,9/8/08
MT,ARG-3,47,49,9/8/08
MT,Rasmussen-1,44,45,7/29/08
MT,Rasmussen-1,48,43,7/1/08
MT,Mason-Dixon-3,39,47,5/20/08
MT,Rasmussen-1,43,48,4/6/08
MT,SurveyUSA-3,39,47,2/27/08
MT,Election 2004-1,39,59,1/1/08
NE,Rasmussen-1,37,56,9/30/08
NE,ARG-6,34,60,9/14/08
NE,Rasmussen-1,32,50,7/28/08
NE,Rasmussen-1,36,52,6/23/08
NE,Research 2000-3,29,57,5/20/08
NE,SurveyUSA-3,40,49,5/17/08
NE,Rasmussen-1,39,50,5/15/08
NE,SurveyUSA-3,42,45,2/27/08
NE,Election 2004-1,32,67,1/1/08
NV,Zogby-4,51,43,10/31/08
NV,Mason-Dixon-2,47,43,10/28/08
NV,Rasmussen-1,50,46,10/27/08
NV,Research 2000-4,50,45,10/26/08
NV,Suffolk U.-1,50,40,10/26/08
NV,Opinion Research-6,52,45,10/25/08
NV,Zogby-4,48,44,10/24/08
NV,GfK Roper-4,52,40,10/24/08
NV,Opinion Research-3,51,46,10/20/08
NV,Insider Advantage-1,47,47,10/19/08
NV,Rasmussen-1,50,45,10/16/08
NV,Insider Advantage-1,49,46,10/13/08
NV,Mason-Dixon-2,47,45,10/8/08
NV,Insider Advantage-1,49,47,10/6/08
NV,Research 2000-4,50,43,10/4/08
NV,Rasmussen-1,51,47,10/2/08
NV,Insider Advantage-1,48,47,9/30/08
NV,Opinion Research-3,51,47,9/29/08
NV,ARG-3,47,49,9/28/08
NV,Suffolk U.-5,45,46,9/19/08
NV,ARG-3,46,49,9/13/08
NV,Rasmussen-1,46,49,9/11/08
NV,Insider Advantage-2,45,46,9/9/08
NV,Opinion Research-3,49,44,8/25/08
NV,Research 2000-3,44,43,8/19/08
NV,Mason-Dixon-3,39,46,8/14/08
NV,Rasmussen-1,42,45,8/11/08
NV,Rasmussen-1,42,40,7/16/08
NV,Rasmussen-1,42,45,6/18/08
NV,Mason-Dixon-3,42,44,6/10/08
NV,Rasmussen-1,40,46,5/20/08
NV,Rasmussen-1,43,48,4/21/08
NV,Rasmussen-1,45,41,3/19/08
NV,SurveyUSA-3,46,41,2/27/08
NV,Rasmussen-1,50,38,2/12/08
NV,Election 2004-1,48,51,1/1/08
NH,Rasmussen-1,50,46,10/30/08
NH,SurveyUSA-2,53,42,10/29/08
NH,Research 2000-3,51,44,10/29/08
NH,U. of New Hampshire-3,53,39,10/29/08
NH,ARG-3,56,41,10/29/08
NH,Suffolk U.-3,53,40,10/28/08
NH,U. of New Hampshire-3,58,33,10/26/08
NH,Mason-Dixon-3,50,39,10/24/08
NH,GfK Roper-5,55,37,10/24/08
NH,Rasmussen-1,50,46,10/23/08
NH,Marist Coll.-2,50,45,10/22/08
NH,U. of New Hampshire-5,54,39,10/20/08
NH,Research 2000-3,50,43,10/18/08
NH,ARG-3,52,43,10/7/08
NH,SurveyUSA-2,53,40,10/4/08
NH,Opinion Research-4,53,45,10/4/08
NH,Rasmussen-1,53,43,10/1/08
NH,Saint Anselm Coll.-6,49,37,9/27/08
NH,Rasmussen-1,47,49,9/23/08
NH,Research 2000-3,48,44,9/23/08
NH,Suffolk U.-5,46,45,9/22/08
NH,Financial Dynamics-5,44,43,9/20/08
NH,Marist Coll.-5,51,45,9/19/08
NH,U. of New Hampshire-8,45,47,9/17/08
NH,ARG-3,45,48,9/14/08
NH,Opinion Research-3,51,45,9/8/08
NH,Rasmussen-1,43,42,8/19/08
NH,ARG-3,46,45,8/19/08
NH,Rasmussen-1,47,41,7/23/08
NH,ARG-3,47,45,7/20/08
NH,U. of New Hampshire-10,46,43,7/15/08
NH,Rasmussen-1,50,39,6/18/08
NH,ARG-5,51,39,6/15/08
NH,Rasmussen-1,48,43,5/21/08
NH,Rasmussen-1,41,51,4/30/08
NH,Dartmouth Coll.-5,39,42,4/30/08
NH,U. of New Hampshire-6,43,49,4/27/08
NH,Rasmussen-1,43,46,3/16/08
NH,SurveyUSA-3,46,44,2/27/08
NH,Rasmussen-1,49,36,2/11/08
NH,Election 2004-1,50,49,1/1/08
NJ,SurveyUSA-2,52,42,10/29/08
NJ,Research 2000-3,54,38,10/27/08
NJ,Monmouth U.-7,55,34,10/27/08
NJ,Fairleigh Dickinson U.-7,53,35,10/26/08
NJ,Marist Coll.-2,56,39,10/20/08
NJ,Quinnipiac U.-4,59,36,10/17/08
NJ,Monmouth U.-4,55,38,10/16/08
NJ,SurveyUSA-2,55,40,10/11/08
NJ,Rasmussen-1,50,42,10/7/08
NJ,Fairleigh Dickinson U.-7,50,37,10/2/08
NJ,SurveyUSA-2,52,42,9/27/08
NJ,ARG-3,51,42,9/20/08
NJ,Rasmussen-1,55,42,9/16/08
NJ,Monmouth U.-4,49,41,9/12/08
NJ,Quinnipiac U.-5,48,45,9/12/08
NJ,Research 2000-3,50,41,9/10/08
NJ,Marist Coll.-4,48,45,9/6/08
NJ,Fairleigh Dickinson U.-4,47,41,9/5/08
NJ,Quinnipiac U.-7,51,41,8/7/08
NJ,Rasmussen-1,48,40,8/4/08
NJ,Monmouth U.-5,50,36,7/19/08
NJ,Rasmussen-31,44,39,6/22/08
NJ,Fairleigh Dickinson U.-7,49,33,6/20/08
NJ,Quinnipiac U.-4,45,39,6/6/08
NJ,Rasmussen-1,48,39,6/4/08
NJ,Research 2000-5,48,40,4/27/08
NJ,Monmouth U.-5,56,32,4/26/08
NJ,Rasmussen-1,45,46,3/27/08
NJ,Fairleigh Dickinson U.-7,47,42,3/27/08
NJ,Rasmussen-1,43,45,2/27/08
NJ,SurveyUSA-3,43,43,2/27/08
NJ,Fairleigh Dickinson U.-7,43,38,2/21/08
NJ,Quinnipiac U.-6,46,39,2/15/08
NJ,Election 2004-1,53,47,1/1/08
NM,SurveyUSA-3,52,45,10/30/08
NM,Research and Polling-3,51,43,10/29/08
NM,Rasmussen-1,54,44,10/28/08
NM,Rasmussen-1,55,42,10/13/08
NM,SurveyUSA-2,52,45,10/12/08
NM,Rasmussen-1,49,44,10/1/08
NM,Research and Polling-4,45,40,9/30/08
NM,SurveyUSA-2,52,44,9/29/08
NM,ARG-3,51,44,9/15/08
NM,SurveyUSA-3,52,44,9/15/08
NM,Financial Dynamics-5,49,42,9/13/08
NM,Rasmussen-1,47,49,9/8/08
NM,Opinion Research-3,53,40,8/25/08
NM,Rasmussen-1,47,41,8/20/08
NM,Mason-Dixon-3,41,45,8/14/08
NM,Rasmussen-1,46,41,7/24/08
NM,Rasmussen-1,47,39,6/18/08
NM,SurveyUSA-3,49,46,6/18/08
NM,SurveyUSA-3,44,44,5/17/08
NM,Rasmussen-1,50,41,5/14/08
NM,SurveyUSA-3,44,50,4/12/08
NM,Rasmussen-1,45,42,4/8/08
NM,SurveyUSA-3,51,45,3/15/08
NM,SurveyUSA-3,50,43,2/27/08
NM,Rasmussen-2,44,44,2/17/08
NM,SurveyUSA-3,55,40,2/16/08
NM,SurveyUSA-2,41,50,1/20/08
NM,Election 2004-1,49,50,1/1/08
NY,SurveyUSA-2,62,33,10/27/08
NY,Marist Coll.-2,65,29,10/21/08
NY,Siena Coll.-3,62,31,10/20/08
NY,Rasmussen-1,57,37,10/14/08
NY,SurveyUSA-2,64,31,10/11/08
NY,Siena Coll.-3,58,36,9/29/08
NY,SurveyUSA-2,57,38,9/23/08
NY,Rasmussen-1,55,42,9/15/08
NY,ARG-3,55,38,9/15/08
NY,Siena Coll.-3,46,41,9/9/08
NY,Siena Coll.-4,47,39,8/12/08
NY,Rasmussen-1,52,32,8/4/08
NY,Quinnipiac U.-5,57,36,8/2/08
NY,Siena Coll.-13,44,26,7/23/08
NY,Siena Coll.-4,50,37,7/8/08
NY,Rasmussen-1,60,29,6/30/08
NY,SurveyUSA-3,57,37,6/26/08
NY,Siena Coll.-3,51,33,6/10/08
NY,NY Times-6,51,32,6/8/08
NY,Quinnipiac U.-6,50,36,6/5/08
NY,Rasmussen-1,52,33,5/28/08
NY,SurveyUSA-3,48,38,5/17/08
NY,SurveyUSA-2,48,38,5/16/08
NY,Siena Coll.-3,49,38,5/13/08
NY,Rasmussen-1,52,35,5/1/08
NY,Quinnipiac U.-2,47,39,4/14/08
NY,Siena Coll.-4,45,40,4/14/08
NY,SurveyUSA-3,52,43,4/12/08
NY,Marist Coll.-6,46,48,4/5/08
NY,Quinnipiac U.-3,49,38,3/17/08
NY,SurveyUSA-3,52,44,3/15/08
NY,Rasmussen-1,51,38,3/11/08
NY,SurveyUSA-3,52,38,2/27/08
NY,SurveyUSA-3,57,36,2/16/08
NY,Siena Coll.-4,47,40,2/12/08
NY,SurveyUSA-2,49,43,1/20/08
NY,Siena Coll.-4,44,42,1/15/08
NY,Election 2004-1,58,41,1/1/08
NC,Zogby-4,48,49,10/31/08
NC,Mason-Dixon-2,46,49,10/29/08
NC,Insider Advantage-1,48,48,10/29/08
NC,Rasmussen-1,50,48,10/29/08
NC,Research 2000-3,47,45,10/29/08
NC,Elon U.-4,45,38,10/28/08
NC,Rasmussen-1,48,49,10/26/08
NC,Opinion Research-6,52,46,10/25/08
NC,Financial Dynamics-5,47,43,10/25/08
NC,Zogby-4,50,46,10/24/08
NC,GfK Roper-5,48,46,10/24/08
NC,Rasmussen-1,48,50,10/23/08
NC,Mason-Dixon-3,47,47,10/23/08
NC,Marshall Marketing-2,48,46,10/20/08
NC,Opinion Research-3,51,47,10/20/08
NC,Insider Advantage-1,49,48,10/19/08
NC,Rasmussen-1,51,48,10/19/08
NC,SurveyUSA-3,47,47,10/19/08
NC,Research 2000-2,46,44,10/14/08
NC,Insider Advantage-1,48,46,10/13/08
NC,Rasmussen-1,48,48,10/12/08
NC,Winthrop U.-22,45,44,10/8/08
NC,Rasmussen-1,49,48,10/8/08
NC,Marshall Marketing-2,46,48,10/6/08
NC,SurveyUSA-2,46,49,10/5/08
NC,Opinion Research-4,49,49,10/4/08
NC,Rasmussen-1,50,47,9/30/08
NC,ARG-3,46,49,9/28/08
NC,Rasmussen-1,49,47,9/23/08
NC,Rasmussen-1,47,50,9/18/08
NC,Elon U.-4,35,41,9/16/08
NC,Opinion Research-3,47,48,9/15/08
NC,ARG-4,41,52,9/14/08
NC,Research 2000-3,38,55,9/9/08
NC,SurveyUSA-3,38,58,9/7/08
NC,Insider Advantage-1,43,45,8/19/08
NC,Rasmussen-1,42,46,8/13/08
NC,SurveyUSA-3,45,49,8/10/08
NC,Rasmussen-1,42,45,7/15/08
NC,SurveyUSA-3,45,50,7/13/08
NC,Rasmussen-1,43,45,6/10/08
NC,SurveyUSA-3,43,51,5/18/08
NC,Rasmussen-1,45,48,5/8/08
NC,Research 2000-3,41,50,4/29/08
NC,Rasmussen-1,47,47,4/10/08
NC,Tel Opinion Research-2,39,48,4/9/08
NC,Rasmussen-1,42,51,3/20/08
NC,SurveyUSA-3,45,47,2/27/08
NC,Election 2004-1,44,56,1/1/08
ND,Research 2000-2,46,47,10/28/08
ND,Research 2000-2,45,45,10/14/08
ND,Minnesota State U.-3,45,43,10/7/08
ND,Research 2000-2,40,53,9/16/08
ND,ARG-3,43,52,9/16/08
ND,Rasmussen-1,41,55,9/8/08
ND,DFM Research-5,43,40,8/25/08
ND,Research 2000-3,42,45,7/22/08
ND,Rasmussen-1,43,43,7/8/08
ND,Dakota Wesleyan U.-11,38,44,3/29/08
ND,SurveyUSA-3,46,42,2/27/08
ND,Election 2004-1,36,63,1/1/08
OH,Zogby-4,50,44,10/31/08
OH,Mason-Dixon-2,45,47,10/29/08
OH,SurveyUSA-2,49,45,10/26/08
OH,Columbus Dispatch-10,52,46,10/26/08
OH,Rasmussen-1,49,45,10/26/08
OH,LA Times-3,49,40,10/26/08
OH,Opinion Research-6,51,47,10/25/08
OH,Marist Coll.-3,48,45,10/25/08
OH,Financial Dynamics-5,48,41,10/25/08
OH,Zogby-4,50,45,10/24/08
OH,GfK Roper-5,48,41,10/24/08
OH,Quinnipiac U.-5,51,42,10/24/08
OH,Insider Advantage-1,52,42,10/22/08
OH,U. of Wisconsin-4,53,41,10/20/08
OH,Opinion Research-3,50,46,10/20/08
OH,U. of Cincinnati-5,49,46,10/20/08
OH,Rasmussen-1,47,49,10/19/08
OH,Quinnipiac U.-6,52,38,10/18/08
OH,Suffolk U.-4,51,42,10/17/08
OH,Ohio U.-12,57,41,10/17/08
OH,Mason-Dixon-2,45,46,10/16/08
OH,Rasmussen-1,49,49,10/14/08
OH,SurveyUSA-2,50,45,10/12/08
OH,Rasmussen-1,49,47,10/12/08
OH,Insider Advantage-1,49,44,10/9/08
OH,Marist Coll.-4,49,45,10/6/08
OH,U. of Cincinnati-5,46,48,10/6/08
OH,ARG-4,48,45,10/5/08
OH,Rasmussen-1,47,48,10/5/08
OH,Opinion Research-4,50,47,10/4/08
OH,U. of Akron-22,45,41,10/4/08
OH,ABC News-3,51,45,10/4/08
OH,Washington Post-3,51,45,10/4/08
OH,Insider Advantage-1,47,45,9/29/08
OH,SurveyUSA-2,48,49,9/28/08
OH,Columbus Dispatch-10,49,42,9/28/08
OH,Rasmussen-1,47,48,9/28/08
OH,Quinnipiac U.-3,50,42,9/28/08
OH,Rasmussen-1,46,47,9/23/08
OH,Insider Advantage-1,46,46,9/22/08
OH,Rasmussen-1,46,50,9/21/08
OH,U. of Wisconsin-4,46,45,9/15/08
OH,Opinion Research-3,49,47,9/15/08
OH,Rasmussen-1,45,48,9/14/08
OH,U. of Cincinnati-5,42,48,9/14/08
OH,SurveyUSA-3,45,49,9/13/08
OH,Financial Dynamics-5,41,42,9/13/08
OH,Marist Coll.-5,47,45,9/13/08
OH,Suffolk U.-4,42,46,9/11/08
OH,ARG-4,44,50,9/11/08
OH,Insider Advantage-2,47,48,9/9/08
OH,U. of Cincinnati-6,44,48,9/7/08
OH,Rasmussen-1,44,51,9/7/08
OH,Quinnipiac U.-5,49,44,9/7/08
OH,Opinion Research-3,47,45,9/1/08
OH,Quinnipiac U.-8,44,43,8/20/08
OH,Rasmussen-1,41,45,8/18/08
OH,Columbus Dispatch-10,41,42,8/16/08
OH,U. of Akron-32,40,40,8/1/08
OH,Quinnipiac U.-7,46,44,7/26/08
OH,Rasmussen-1,40,46,7/21/08
OH,SurveyUSA-3,48,46,6/21/08
OH,Rasmussen-1,43,44,6/17/08
OH,Quinnipiac U.-8,48,42,6/12/08
OH,SurveyUSA-3,48,39,5/17/08
OH,Quinnipiac U.-8,40,44,5/16/08
OH,Rasmussen-1,44,45,5/14/08
OH,Quinnipiac U.-7,42,43,4/26/08
OH,SurveyUSA-3,45,47,4/12/08
OH,Rasmussen-1,40,47,4/8/08
OH,Quinnipiac U.-8,43,42,3/27/08
OH,SurveyUSA-3,43,50,3/15/08
OH,Rasmussen-1,40,46,3/13/08
OH,SurveyUSA-3,50,40,2/27/08
OH,U. of Cincinnati-4,48,47,2/22/08
OH,Rasmussen-1,41,42,2/17/08
OH,SurveyUSA-3,47,44,2/16/08
OH,Quinnipiac U.-7,40,42,2/9/08
OH,SurveyUSA-3,43,50,1/5/08
OH,Election 2004-1,49,51,1/1/08
OK,SurveyUSA-2,34,63,10/28/08
OK,SurveyUSA-2,35,59,10/18/08
OK,TV Poll-3,32,63,10/11/08
OK,TV Poll-2,29,66,10/4/08
OK,SurveyUSA-2,34,64,9/28/08
OK,Research 2000-2,36,59,9/16/08
OK,ARG-4,34,61,9/16/08
OK,Rasmussen-1,32,63,9/11/08
OK,SurveyUSA-3,32,65,9/6/08
OK,Sooner Poll-5,24,56,7/21/08
OK,Research 2000-3,38,52,6/10/08
OK,SurveyUSA-3,34,57,2/27/08
OK,Election 2004-1,34,66,1/1/08
OR,Rasmussen-1,54,42,10/30/08
OR,SurveyUSA-2,57,38,10/29/08
OR,Research 2000-3,55,39,10/28/08
OR,SurveyUSA-2,57,38,10/25/08
OR,Northern Arizona U.-10,49,41,10/22/08
OR,Riley Research-11,48,34,10/15/08
OR,Research 2000-2,53,38,10/14/08
OR,Rasmussen-1,54,41,10/14/08
OR,SurveyUSA-2,57,40,10/11/08
OR,Rasmussen-1,54,43,10/9/08
OR,Research 2000-3,53,39,9/23/08
OR,SurveyUSA-2,52,41,9/22/08
OR,ARG-4,52,41,9/20/08
OR,Rasmussen-1,51,47,9/15/08
OR,Davis Hibbitts Midghall-4,50,40,9/12/08
OR,Rasmussen-1,47,37,8/7/08
OR,SurveyUSA-3,48,45,8/3/08
OR,Rasmussen-1,46,37,7/16/08
OR,SurveyUSA-3,48,45,6/18/08
OR,Rasmussen-1,46,38,6/11/08
OR,SurveyUSA-3,49,39,5/17/08
OR,Rasmussen-1,52,38,5/7/08
OR,SurveyUSA-3,51,42,4/12/08
OR,Rasmussen-1,48,42,3/26/08
OR,SurveyUSA-3,50,41,3/15/08
OR,SurveyUSA-3,49,41,2/27/08
OR,SurveyUSA-3,48,47,2/16/08
OR,Rasmussen-1,49,40,2/13/08
OR,Riley Res.-12,46,38,2/12/08
OR,SurveyUSA-3,47,47,1/12/08
OR,Election 2004-1,52,48,1/1/08
PA,Rasmussen-1,52,46,11/1/08
PA,Zogby-4,54,40,10/31/08
PA,Rasmussen-1,51,47,10/30/08
PA,SurveyUSA-3,51,44,10/30/08
PA,ARG-3,51,45,10/30/08
PA,Muhlenberg Coll.-5,52,45,10/30/08
PA,Mason-Dixon-2,47,43,10/27/08
PA,Rasmussen-1,53,46,10/27/08
PA,Marist Coll.-2,55,41,10/26/08
PA,Insider Advantage-1,51,42,10/26/08
PA,Opinion Research-6,55,43,10/25/08
PA,Muhlenberg Coll.-5,53,41,10/25/08
PA,GfK Roper-5,52,40,10/24/08
PA,Siena Coll.-5,53,40,10/24/08
PA,Quinnipiac U.-5,53,41,10/24/08
PA,Franklin+Marshall Coll.-6,53,40,10/23/08
PA,Temple U.-7,50,41,10/23/08
PA,SurveyUSA-2,53,41,10/21/08
PA,U. of Wisconsin-4,52,41,10/20/08
PA,Muhlenberg Coll.-5,52,42,10/20/08
PA,Quinnipiac U.-6,53,40,10/18/08
PA,Financial Dynamics-5,51,41,10/18/08
PA,Susquehanna Polling-4,48,40,10/17/08
PA,Muhlenberg Coll.-5,52,39,10/15/08
PA,SurveyUSA-3,55,40,10/12/08
PA,Muhlenberg Coll.-5,51,38,10/10/08
PA,Muhlenberg Coll.-5,50,39,10/7/08
PA,Marist Coll.-4,53,41,10/6/08
PA,Rasmussen-1,54,41,10/6/08
PA,SurveyUSA-2,55,40,10/5/08
PA,West Chester U.-4,52,42,10/4/08
PA,Muhlenberg Coll.-5,50,40,10/2/08
PA,Rasmussen-1,50,42,9/28/08
PA,Quinnipiac U.-3,54,39,9/28/08
PA,Muhlenberg Coll.-5,49,41,9/27/08
PA,Franklin+Marshall Coll.-6,48,43,9/25/08
PA,Rasmussen-1,49,45,9/24/08
PA,SurveyUSA-2,50,44,9/23/08
PA,Muhlenberg Coll.-5,47,43,9/23/08
PA,Opinion Research-3,53,44,9/22/08
PA,Rasmussen-1,48,45,9/21/08
PA,ARG-3,50,46,9/21/08
PA,Financial Dynamics-5,43,41,9/20/08
PA,Mason-Dixon-3,46,44,9/17/08
PA,U. of Wisconsin-4,45,45,9/15/08
PA,Rasmussen-1,47,47,9/14/08
PA,Marist Coll.-5,49,44,9/13/08
PA,Rasmussen-1,47,45,9/7/08
PA,Quinnipiac U.-5,48,45,9/7/08
PA,Opinion Research-3,48,43,8/25/08
PA,Quinnipiac U.-8,49,42,8/20/08
PA,Rasmussen-1,45,40,8/19/08
PA,Susquehanna Polling-4,46,41,8/12/08
PA,Franklin+Marshall Coll.-7,46,41,8/7/08
PA,Quinnipiac U.-7,49,42,7/26/08
PA,Rasmussen-1,47,42,7/23/08
PA,Rasmussen-1,46,42,6/22/08
PA,Quinnipiac U.-8,52,40,6/12/08
PA,Rasmussen-1,45,43,5/21/08
PA,SurveyUSA-3,48,40,5/17/08
PA,Quinnipiac U.-8,46,40,5/16/08
PA,Susquehanna Polling-6,46,39,5/3/08
PA,Quinnipiac U.-7,47,38,4/26/08
PA,Rasmussen-1,43,44,4/24/08
PA,Rasmussen-1,47,39,4/9/08
PA,Temple U.-14,47,40,4/2/08
PA,Quinnipiac U.-8,43,39,3/27/08
PA,Rasmussen-1,43,44,3/10/08
PA,Susquehanna Polling-6,41,45,3/7/08
PA,SurveyUSA-3,42,47,2/27/08
PA,Franklin+Marshall Coll.-6,43,44,2/15/08
PA,Rasmussen-1,49,39,2/14/08
PA,Muhlenberg Coll.-9,39,42,2/13/08
PA,Quinnipiac U.-7,42,41,2/9/08
PA,Rasmussen-1,38,46,1/8/08
PA,Election 2004-1,51,49,1/1/08
RI,Opinion Factor-2,48,26,9/30/08
RI,Brown U.-2,47,34,9/15/08
RI,Rasmussen-1,58,39,9/13/08
RI,ARG-3,59,33,9/12/08
RI,Brown U.-3,51,30,8/19/08
RI,Rasmussen-1,55,31,6/30/08
RI,Rhode Island Coll.-10,53,25,6/22/08
RI,SurveyUSA-3,53,38,2/27/08
RI,Election 2004-1,60,39,1/1/08
SC,SurveyUSA-2,44,52,10/28/08
SC,Princeton Survey-4,42,53,10/26/08
SC,Rasmussen-1,43,54,10/20/08
SC,SurveyUSA-2,41,55,10/12/08
SC,Winthrop U.-22,35,55,10/8/08
SC,Research 2000-3,39,54,9/23/08
SC,SurveyUSA-2,39,58,9/21/08
SC,Rasmussen-1,45,51,9/18/08
SC,ARG-4,37,59,9/15/08
SC,Research 2000-2,40,53,7/22/08
SC,Rasmussen-1,39,48,6/5/08
SC,SurveyUSA-3,45,48,2/27/08
SC,Election 2004-1,41,58,1/1/08
SD,Rasmussen-1,44,53,10/30/08
SD,Research 2000-3,41,50,10/23/08
SD,Mason-Dixon-3,41,48,10/14/08
SD,ARG-3,39,55,9/20/08
SD,Rasmussen-1,37,54,9/9/08
SD,Rasmussen-1,43,47,7/9/08
SD,Dakota Wesleyan U.-11,34,51,3/29/08
SD,Rasmussen-1,38,48,3/4/08
SD,SurveyUSA-3,43,47,2/27/08
SD,Election 2004-1,38,60,1/1/08
TN,Research 2000-2,38,54,10/21/08
TN,Rasmussen-1,42,54,10/16/08
TN,Rasmussen-1,39,58,9/29/08
TN,Mason-Dixon-3,39,55,9/23/08
TN,Middle Tenn. State U.-13,35,55,9/21/08
TN,Middle Tenn. State U.-13,36,48,9/21/08
TN,ARG-4,36,59,9/17/08
TN,Rasmussen-1,32,56,8/20/08
TN,Rasmussen-1,36,51,6/24/08
TN,Rasmussen-1,31,58,4/3/08
TN,SurveyUSA-3,38,54,2/27/08
TN,Middle Tenn. State U.-13,36,50,2/17/08
TN,Election 2004-1,43,57,1/1/08
TX,Rasmussen-1,44,54,10/21/08
TX,U. of Texas-8,40,51,10/18/08
TX,Research 2000-2,40,52,10/14/08
TX,ARG-4,38,57,10/6/08
TX,Rasmussen-1,43,52,9/29/08
TX,ARG-4,36,57,9/14/08
TX,Rasmussen-1,41,50,8/21/08
TX,Rasmussen-1,41,50,7/30/08
TX,U. of Texas-13,33,43,7/24/08
TX,Rasmussen-1,39,48,6/25/08
TX,Texas Lyceum-9,38,43,6/16/08
TX,Rasmussen-1,39,52,6/2/08
TX,Research 2000-3,39,52,5/6/08
TX,Rasmussen-1,43,48,5/1/08
TX,SurveyUSA-3,46,47,2/27/08
TX,SurveyUSA-3,41,49,2/24/08
TX,Opinion Res.-4,44,52,2/15/08
TX,Election 2004-1,38,61,1/1/08
UT,Dan Jones-7,32,57,10/27/08
UT,Mason-Dixon-3,32,55,10/24/08
UT,ARG-4,29,65,9/11/08
UT,Rasmussen-1,32,64,9/10/08
UT,Dan Jones-4,24,62,9/9/08
UT,Mason-Dixon-3,23,62,8/14/08
UT,Rasmussen-1,33,52,6/19/08
UT,Dan Jones-4,29,57,6/17/08
UT,Dan Jones-7,27,62,5/16/08
UT,SurveyUSA-3,39,50,2/27/08
UT,Election 2004-1,26,71,1/1/08
VT,Research 2000-3,57,36,10/25/08
VT,Rasmussen-1,60,36,10/9/08
VT,ARG-5,56,38,9/20/08
VT,Rasmussen-1,60,36,9/13/08
VT,Research 2000-4,55,36,9/12/08
VT,SurveyUSA-3,63,29,2/27/08
VT,Research 2000-3,57,36,2/20/08
VT,Election 2004-1,59,39,1/1/08
VA,Zogby-4,51,45,10/31/08
VA,SurveyUSA-3,50,46,10/31/08
VA,Mason-Dixon-2,47,44,10/29/08
VA,Marist Coll.-2,51,47,10/26/08
VA,Rasmussen-1,51,47,10/26/08
VA,SurveyUSA-2,52,43,10/25/08
VA,Opinion Research-6,53,44,10/25/08
VA,Financial Dynamics-5,48,44,10/25/08
VA,Zogby-4,52,45,10/24/08
VA,GfK Roper-5,49,42,10/24/08
VA,Washington Post-4,52,44,10/23/08
VA,Roanoke Coll.-8,48,39,10/22/08
VA,Virg. Commonwealth U.-3,51,40,10/21/08
VA,Mason-Dixon-2,47,45,10/20/08
VA,Opinion Research-3,54,44,10/20/08
VA,SurveyUSA-2,51,45,10/18/08
VA,Rasmussen-1,54,44,10/16/08
VA,Christopher Newport U.-4,49,43,10/12/08
VA,Opinion Research-4,53,43,10/12/08
VA,Rasmussen-1,50,47,10/12/08
VA,Winthrop U.-22,45,44,10/8/08
VA,Rasmussen-1,50,48,10/5/08
VA,SurveyUSA-2,53,43,10/4/08
VA,Suffolk U.-3,51,39,10/4/08
VA,Mason-Dixon-3,45,48,9/30/08
VA,Insider Advantage-1,51,45,9/29/08
VA,Opinion Research-3,53,44,9/29/08
VA,Rasmussen-1,50,47,9/28/08
VA,ARG-3,46,49,9/28/08
VA,Rasmussen-1,50,45,9/25/08
VA,Rasmussen-1,48,50,9/21/08
VA,SurveyUSA-3,51,45,9/20/08
VA,ABC News-4,49,46,9/19/08
VA,Washington Post-4,49,46,9/19/08
VA,Mason-Dixon-6,44,47,9/19/08
VA,ARG-4,46,48,9/18/08
VA,Insider Advantage-1,46,48,9/17/08
VA,Rasmussen-1,48,48,9/14/08
VA,SurveyUSA-3,50,46,9/13/08
VA,Financial Dynamics-5,41,48,9/13/08
VA,Christopher Newport U.-5,39,48,9/12/08
VA,Opinion Research-3,46,50,9/8/08
VA,Rasmussen-1,47,49,9/7/08
VA,SurveyUSA-3,47,49,9/6/08
VA,Insider Advantage-1,43,43,8/12/08
VA,Rasmussen-1,46,45,8/12/08
VA,SurveyUSA-3,47,48,8/9/08
VA,Rasmussen-1,44,44,7/16/08
VA,SurveyUSA-3,49,47,6/21/08
VA,Rasmussen-1,45,44,6/12/08
VA,SurveyUSA-3,49,42,5/17/08
VA,Virg. Commonwealth U.-7,36,44,5/15/08
VA,Rasmussen-1,44,47,5/8/08
VA,SurveyUSA-3,44,52,4/12/08
VA,Rasmussen-1,41,52,3/27/08
VA,SurveyUSA-3,48,47,3/15/08
VA,SurveyUSA-3,47,47,2/27/08
VA,Rasmussen-1,44,49,2/19/08
VA,SurveyUSA-3,51,45,2/16/08
VA,SurveyUSA-2,40,52,1/16/08
VA,Election 2004-1,45,54,1/1/08
WA,U. of Washington-5,51,39,10/29/08
WA,SurveyUSA-2,56,39,10/26/08
WA,Rasmussen-1,54,43,10/22/08
WA,U. of Washington-9,55,34,10/22/08
WA,Elway Poll-4,55,36,10/17/08
WA,SurveyUSA-2,56,40,10/12/08
WA,Rasmussen-1,53,43,10/2/08
WA,SurveyUSA-2,54,43,9/21/08
WA,ARG-3,50,44,9/17/08
WA,Rasmussen-1,49,47,9/10/08
WA,Elway Poll-3,45,39,9/7/08
WA,SurveyUSA-3,49,45,9/6/08
WA,SurveyUSA-2,51,44,8/11/08
WA,Rasmussen-1,52,40,8/6/08
WA,Elway Poll-10,47,35,7/26/08
WA,SurveyUSA-3,55,39,7/14/08
WA,Rasmussen-1,51,43,7/9/08
WA,SurveyUSA-3,55,40,6/18/08
WA,Rasmussen-1,53,35,6/9/08
WA,SurveyUSA-3,56,39,6/8/08
WA,Elway Poll-5,44,38,5/23/08
WA,SurveyUSA-3,52,36,5/17/08
WA,Rasmussen-1,51,40,5/12/08
WA,SurveyUSA-1,54,42,5/12/08
WA,SurveyUSA-3,53,40,4/15/08
WA,SurveyUSA-1,51,44,4/7/08
WA,Rasmussen-1,48,43,3/27/08
WA,Elway Poll-3,45,39,3/19/08
WA,SurveyUSA-3,52,41,3/15/08
WA,Rasmussen-1,44,45,2/28/08
WA,SurveyUSA-3,52,38,2/27/08
WA,SurveyUSA-2,55,38,2/3/08
WA,SurveyUSA-3,52,43,1/12/08
WA,Election 2004-1,53,46,1/1/08
WV,Zogby-4,40,50,10/24/08
WV,Research 2000-3,43,49,10/23/08
WV,West Virginia Wesleyan U.-2,44,49,10/20/08
WV,Rasmussen-1,43,52,10/20/08
WV,Opinion Research-3,44,53,10/20/08
WV,Mason-Dixon-2,41,47,10/16/08
WV,Insider Advantage-1,47,49,10/13/08
WV,ARG-5,50,42,10/6/08
WV,Rasmussen-1,42,50,9/24/08
WV,Opinion Research-3,46,50,9/22/08
WV,ARG-3,45,49,9/15/08
WV,Mark Blankenship-4,39,44,9/6/08
WV,Rasmussen-1,37,45,6/2/08
WV,SurveyUSA-3,35,53,2/27/08
WV,Election 2004-1,43,56,1/1/08
WI,SurveyUSA-2,55,39,10/28/08
WI,Research 2000-2,53,42,10/27/08
WI,U. of Wisconsin-8,52,42,10/24/08
WI,U. of Wisconsin-8,54,38,10/24/08
WI,Rasmussen-1,51,44,10/23/08
WI,Research 2000-2,52,41,10/20/08
WI,U. of Wisconsin-4,53,40,10/20/08
WI,SurveyUSA-2,51,43,10/18/08
WI,Financial Dynamics-5,53,40,10/18/08
WI,Mason-Dixon-2,51,39,10/16/08
WI,St. Norbert Coll.-9,51,38,10/13/08
WI,U. of Wisconsin-8,51,36,10/11/08
WI,Quinnipiac U.-5,54,37,10/10/08
WI,Rasmussen-1,54,44,10/6/08
WI,Research 2000-2,51,41,10/5/08
WI,SurveyUSA-2,52,42,10/5/08
WI,Opinion Research-4,51,46,10/4/08
WI,Research 2000-2,49,43,9/22/08
WI,ARG-4,50,45,9/19/08
WI,Quinnipiac U.-8,49,42,9/17/08
WI,U. of Wisconsin-4,45,44,9/15/08
WI,Rasmussen-1,48,46,9/15/08
WI,Opinion Research-3,49,45,9/15/08
WI,Opinion Research-3,50,47,9/15/08
WI,Rasmussen-1,47,43,8/5/08
WI,Wisconsin Policy Res. Inst.-2,44,38,8/3/08
WI,Quinnipiac U.-9,50,39,7/18/08
WI,Rasmussen-1,50,39,7/8/08
WI,Quinnipiac U.-8,52,39,6/20/08
WI,SurveyUSA-4,52,43,6/14/08
WI,U. of Wisconsin-3,50,37,6/9/08
WI,Rasmussen-1,45,43,6/5/08
WI,SurveyUSA-3,48,42,5/17/08
WI,Rasmussen-1,43,47,5/5/08
WI,U. of Wisconsin-10,47,43,4/19/08
WI,SurveyUSA-3,49,44,4/12/08
WI,St. Norbert Coll.-12,46,42,3/30/08
WI,Rasmussen-1,46,48,3/26/08
WI,SurveyUSA-3,48,44,3/15/08
WI,SurveyUSA-3,51,40,2/27/08
WI,Rasmussen-1,44,43,2/21/08
WI,SurveyUSA-3,52,42,2/16/08
WI,Election 2004-1,50,49,1/1/08
WY,Research 2000-3,36,61,10/28/08
WY,SurveyUSA-2,37,58,10/18/08
WY,Research 2000-3,35,58,10/15/08
WY,Mason-Dixon-2,32,58,10/13/08
WY,Research 2000-3,36,57,9/23/08
WY,Rasmussen-1,39,58,9/10/08
WY,ARG-3,28,66,9/10/08
WY,Mason-Dixon-3,25,62,8/14/08
WY,Research 2000-2,40,53,5/20/08
WY,SurveyUSA-3,35,54,2/27/08
WY,Election 2004-1,29,69,1/1/08